hour_of_day,request_rate,failed_attempts,geo_risk_score,device_trust_score,sensitivity_level,is_vpn,is_tor
12,1.1263711636773925,2,0.11639602798406085,0.9197203147175137,3,0,0
10,1.454645374315455,0,0.19991562407346194,0.8167691415075365,1,0,0
16,1.9043183693655348,1,0.2852318123194014,0.9784546294341854,1,0,0
0,0.7265868376713503,0,0.02305862258284905,0.9465492839756078,2,0,0
5,1.5988581458153754,0,0.10356694284050762,0.8839875054662137,1,0,0
17,0.7782882735546817,2,0.29369433455244265,0.9282553992792345,3,1,0
5,0.6017555886577579,0,0.2413311623038515,0.9345879931473877,2,0,0
11,1.9815835846040473,0,0.042165890273508234,0.9020936252424723,1,0,0
6,13.740292198318743,7,0.7388768670248848,0.20967850842532296,3,1,1
4,1.3718573321339185,1,0.18255818180893996,0.8193509876506471,2,0,0
22,17.833266851538085,7,0.9845658161694556,0.1831852857958142,3,1,1
13,0.8637057554520945,0,0.08961767207663192,0.8639731426096884,2,0,0
12,1.9533167829285372,2,0.221360855568459,0.9671228551657985,1,1,0
8,12.144835283103564,7,0.7084569013522353,0.35724549652898907,4,0,0
11,9.3506604226698,5,0.8989190230239428,0.14077190829271072,5,1,1
12,11.863629983756477,9,0.7351926201879344,0.3071505454534846,4,1,1
21,1.4953060580250659,1,0.2082451720529493,0.9111099338887153,2,1,0
23,10.817514043566415,7,0.7086656765454622,0.18560017127857054,4,1,0
9,1.8076753498883025,2,0.19720604465103855,0.8945916870306446,1,1,0
18,0.846612194882107,0,0.08445635952447898,0.8213582156721608,1,0,0
2,1.7237496874859266,2,0.05838715101146158,0.8235874285102306,2,0,0
19,1.8158008112196624,2,0.061464382245213764,0.9677674682459423,2,0,0
1,1.9766032710553283,0,0.1537091332637372,0.9028078864157643,1,0,0
2,1.9867529392054648,2,0.2700249549049442,0.967256660494944,3,0,0
4,1.7696784376017773,1,0.08307134621334268,0.7912596158908842,3,0,0
8,1.8981774237254185,0,0.1582198866368029,0.8633490877311595,3,0,0
23,1.4086622290353308,1,0.08465612240796004,0.7570322949351183,3,0,0
13,11.642440555764862,6,0.7071169898090535,0.31075749928194907,4,1,1
9,16.25229844147269,8,0.9002393826976506,0.08506571460453714,5,1,1
2,7.468989105493621,8,0.8564099430541419,0.24230149220837377,3,1,0
2,1.012726027546814,1,0.25670882815126184,0.9213654954503818,1,0,0
6,1.2988841488273788,2,0.04537404862048037,0.7134733896986847,1,0,0
8,1.4489328397009222,0,0.21681208730946852,0.9318428719871013,3,0,0
15,1.810515671279508,0,0.0076343279717252625,0.9628958299426935,1,0,0
22,1.7523953551989486,1,0.07123004051244188,0.7752679137073307,2,0,0
1,1.6828958168367962,0,0.17327800976434724,0.8617283658208026,3,0,0
21,1.8812717717235303,0,0.18743515883682074,0.9637557317803742,2,0,0
18,1.817944979532737,0,0.2832126281476193,0.9564922058684423,2,0,0
17,16.74500347020803,3,0.6750017828475922,0.23534627568706268,4,1,1
13,0.776781529034566,1,0.1263744159882216,0.9670423412188044,2,0,0
21,0.8647582864991812,1,0.09037957822800011,0.983334574808291,3,0,0
8,1.0446234445979528,2,0.22541252580871368,0.8310987656996862,3,0,0
7,1.1131012566471445,0,0.22618857107903517,0.8646575995232068,3,1,0
13,15.046316768273718,7,0.904131288561655,0.27576685354852987,3,0,1
21,1.663291425042516,1,0.259369082856801,0.7929363577627297,2,0,0
2,1.3708825254170651,0,0.251112337572882,0.7075580241877688,1,0,0
4,14.806801266866923,10,0.8201405115355004,0.26677439408156267,3,1,0
6,1.0026782813887127,0,0.12227526257214508,0.941144363558034,3,0,0
18,0.7776993932579295,0,0.11071590652827497,0.9213752180062076,1,0,0
6,12.771157477963417,7,0.8189218976458738,0.12072002234446205,5,1,1
15,1.243813602618156,2,0.142663811246048,0.8885279369843762,2,0,0
16,17.076752769742665,4,0.6516895200410997,0.3729392566534844,5,1,1
15,1.0002487575367163,1,0.22464790108899194,0.9421212711600109,3,0,0
18,1.3886116769892765,1,0.03919570314703887,0.952997850336365,2,0,0
1,1.4501012814750887,2,0.0009654790812836044,0.9349595239895878,1,0,0
9,1.4613121172048218,0,0.19269765777156822,0.7739810904934074,2,0,0
13,1.641541853753042,1,0.27791478201902603,0.898505286519957,2,0,0
10,1.6754795191117147,1,0.09807948490142372,0.7052657090099886,3,0,0
10,0.8776985883604291,0,0.2647249105222016,0.7908792716921287,2,0,0
1,14.21199764281277,8,0.7828238637063105,0.21875246951497318,5,1,1
13,1.208100417664999,1,0.03329684076404432,0.739514508573728,3,1,0
6,1.8813086007977198,0,0.17946758821912165,0.7779714937728498,1,0,0
3,1.8916284247928195,2,0.16611344560740335,0.8247325310569965,1,0,0
22,0.6659476054328108,1,0.27184297642972993,0.7678375993749016,1,0,0
2,1.7269505361785933,2,0.17205868543667197,0.8677177854839806,3,0,0
11,0.6877786883038257,0,0.246760438315259,0.7969082037262282,2,1,0
20,1.9154238802513983,2,0.2383546633472246,0.9388724351624105,3,0,0
9,5.371473163642268,3,0.9769485757873658,0.2572417410471401,5,1,1
21,1.8428102565307989,1,0.10035338662257964,0.8501810713464122,2,0,0
20,1.9923617339696529,0,0.1625114437230012,0.8286833000290432,3,0,0
2,0.7798505360769586,2,0.2278194787253891,0.9931923723974512,3,0,0
23,1.9969011658000062,2,0.05005806050962584,0.9741365331619778,1,0,0
11,1.755519992545508,0,0.17661945663939596,0.9705322085638686,3,0,0
12,0.5779569254772086,1,0.21076215046044208,0.9787418560046388,3,0,0
2,1.8470814341610706,1,0.0780860572698009,0.753776683572337,3,0,0
5,0.6006147160826412,0,0.22981943296059076,0.8514386794913584,2,0,0
7,1.692214323124894,2,0.10464616019084379,0.7644737911109187,2,0,0
4,0.7534025946082468,0,0.24751482305401862,0.8633446998400789,3,0,0
2,1.5625444650725522,0,0.2590642567543635,0.941061297838781,1,0,0
13,1.792678431520276,0,0.27542296565974517,0.9498491130364813,2,0,0
14,1.8029347519334162,0,0.1810479288130136,0.7563167217076756,3,0,0
5,1.621206407200635,0,0.17156168136815594,0.7402824552706826,3,0,0
15,1.8722688516021502,2,0.2567211776717359,0.9203331796226775,2,0,0
21,0.5550248043358968,0,0.17633080825865946,0.9873802363170312,3,0,0
11,0.8329582428994242,1,0.24881839945765408,0.9198097151770841,3,0,0
23,0.7308438595097826,1,0.07780046919512834,0.850033825622988,1,0,0
15,5.56095485613196,5,0.6704099020164535,0.0839672182992206,3,1,0
15,0.6573952676272623,0,0.07404716076057068,0.7067277667486165,1,0,0
4,1.1784774267774503,1,0.11061215125943856,0.9024358906502231,1,0,0
18,0.6491620891390177,0,0.14063038963935173,0.812176314103844,1,0,0
9,1.7446127055608025,1,0.0763174742525541,0.9209605685004377,2,0,0
21,1.91608900952992,2,0.0030393552083230134,0.8363036269202966,2,0,0
11,1.818677461343247,1,0.048007480938958215,0.8544800049739778,3,0,0
22,1.461721449327946,0,0.1320970255105047,0.9225688980876146,1,0,0
21,1.9814743456040866,0,0.005798289275280311,0.8778520541524331,1,0,0
18,0.7052279463784421,0,0.03434629141977153,0.7600846053602878,2,0,0
16,1.0053436876566604,0,0.06472220375293623,0.8907820980480132,1,0,0
20,1.247663298393586,0,0.21838179209212955,0.9881880926539599,2,0,0
7,1.427382157295444,2,0.12297146690888647,0.702352477231575,3,0,0
2,17.77108621837211,3,0.9167972133622839,0.3718598430805313,3,1,1
13,1.9799938899007197,1,0.09488104491879203,0.935121475322571,1,0,0
13,1.436223361773701,2,0.03447989911787005,0.7792828789475917,3,0,0
18,17.72272247419921,7,0.9287009667941561,0.05489085864674843,4,0,1
22,1.0985040558051953,0,0.03019124355706,0.9762983563289728,2,0,0
6,1.9602334537660955,2,0.004294583300117993,0.7584925599700867,3,0,0
9,1.6556111267116898,0,0.2537764319033196,0.8897173972985162,1,0,0
17,1.3701293117567168,0,0.16731264787501318,0.8816913667970234,2,0,0
21,5.158266836752848,10,0.8748759985874706,0.04994803076236907,4,1,0
19,0.7454839142985568,2,0.06040913464079231,0.8550095155678803,1,0,0
14,19.156671670525537,9,0.7555073651446388,0.2647242914297699,3,1,0
22,0.8475075520751651,0,0.03484168806015768,0.7724610525105045,3,0,0
8,13.33245920254447,3,0.6447738312539156,0.01083245346802042,5,1,1
1,8.787955844546667,8,0.7434645452105837,0.12892992978776996,5,1,0
2,12.45880829886317,4,0.6077792201472324,0.10428350965314089,3,0,0
17,1.5186534787167343,0,0.04004399172478313,0.9561354765114001,2,1,0
15,1.3853460003036306,1,0.07728216610011655,0.9415270955486987,3,0,0
18,1.8493618599118526,0,0.13917941304369982,0.7621227427632565,2,0,0
0,7.322863611182319,7,0.6557277929512185,0.30369559186279804,4,1,0
8,0.7647920480082624,1,0.2952039489631393,0.7736056942498633,3,0,0
2,0.7860315809954999,1,0.2012196935717502,0.8658121227155635,1,0,0
10,14.352787927612317,5,0.9582905422060458,0.008658224538793436,3,1,1
12,1.5326035946416041,1,0.09281181535883462,0.8376821549790461,1,0,0
12,1.2207604208867435,0,0.0011459767975749325,0.739024200948684,3,0,0
15,0.5069480345069043,1,0.1351052936716238,0.7822214768026573,2,1,0
15,1.5449762358153385,2,0.2670774159053406,0.7501963912003181,3,0,0
4,1.8331221198034657,1,0.18787029642631914,0.7618756341508457,3,0,0
19,0.900542405254132,2,0.2631271743054567,0.7550326589210303,1,1,0
11,1.5384148467767786,2,0.10643138755079526,0.861499582976714,2,0,0
4,8.732285405298978,9,0.9152803719466824,0.12629736099361485,3,1,1
11,5.806729462660669,7,0.9282178590983948,0.17767357916860171,5,1,1
20,1.738725125847144,0,0.25967314368736566,0.7222316267724601,2,1,0
23,17.32462354668433,10,0.8920006884323446,0.3464734835476118,5,1,1
0,1.0195189915489418,1,0.25243426592542795,0.9935576405167421,3,0,0
1,5.131658179218942,6,0.9971773863131629,0.17279574858537636,4,1,0
16,1.9140976612026885,2,0.2867756486865958,0.8062813981651646,2,0,0
11,0.5916169397822957,0,0.22069893427175694,0.8035576625482631,1,0,0
22,0.8868542405674098,2,0.00654701903264685,0.7027115407237876,3,0,0
20,0.8438770928489623,1,0.2681969130023611,0.9900536499397856,1,1,0
0,0.6137949921629959,2,0.10664790313240721,0.8373987277010715,2,0,0
11,1.2981702278979734,0,0.007257529167406573,0.7228717653920693,2,0,0
6,1.1911681520490887,2,0.23546909313344025,0.758749925240281,1,0,0
8,1.1762590571061982,0,0.2464910693131415,0.7307547892199423,2,0,0
4,1.339473025230371,1,0.09400437527554294,0.7043144338216255,3,0,0
23,0.7670539503046272,1,0.15379642594351586,0.9910771329178172,1,0,0
20,5.946595536733193,5,0.6115777266973468,0.036711042588470334,4,0,0
19,10.743247209262751,3,0.7800439434740118,0.13529238692691395,5,1,1
15,15.51298548688143,4,0.6498589715971254,0.21259169851272836,5,1,1
19,1.6046663534370842,2,0.21307283958699344,0.7889679736617792,1,0,0
8,7.876043260853997,7,0.8247741014078653,0.17785106316556187,5,1,0
22,0.5295658066315463,0,0.0337741171235811,0.9351279527452322,2,0,0
6,1.2329647856069985,2,0.22983477983867584,0.8736420263535821,2,0,0
6,1.5963012128054663,0,0.13868866830018214,0.7662558348889026,2,0,0
6,14.38217090636992,4,0.8036541651686396,0.12232540451346559,3,1,0
22,1.699123818453469,1,0.00046953155744187123,0.7243447535608717,3,1,0
16,7.5463880208923975,10,0.8844640350111064,0.13356098861062157,3,1,0
2,1.9565873677480516,1,0.0035119832192712194,0.8331758363519133,3,0,0
15,1.0599639744196294,2,0.25750250303973626,0.703647031443216,2,0,0
11,0.5963134056127011,1,0.23260384512094068,0.9988473020496336,2,0,0
16,0.8140239850050655,0,0.1908532094124698,0.9123164050802582,2,0,0
8,9.318195171045213,4,0.6415025374143425,0.3156384446595027,3,1,1
22,0.7379076579396106,0,0.11596215204690835,0.8625282892802689,2,0,0
8,1.4880616632513142,0,0.08859044327154983,0.911541743671169,3,0,0
12,1.1392719533539595,0,0.12226290930972925,0.7606762541573604,2,0,0
17,1.1770805364945132,0,0.12213194673768829,0.7941480424673246,1,0,0
10,12.308180103828708,9,0.8440784035943338,0.29691950269357775,4,1,1
20,1.1140010094725645,2,0.06971529691681434,0.7973535400526026,1,0,0
1,0.5985629591425286,2,0.13810748136057788,0.7471819624539145,2,0,0
15,1.6948059364642645,1,0.2047851663670207,0.8672011508719024,3,0,0
2,0.7342288960492855,2,0.005401966680136349,0.7920329798566423,3,0,0
19,0.9061170097153306,2,0.08766546913856933,0.9022059757176377,1,0,0
9,1.841828340341137,2,0.13037878825761354,0.9854269662536698,3,0,0
6,1.3092369385630058,1,0.23669554797623799,0.9645071835530524,1,0,0
9,1.8451481369396379,1,0.019609847269315573,0.843070031940391,1,0,0
11,19.28143477479386,6,0.8986412818576814,0.3236779214626965,4,1,1
4,0.536601172334807,1,0.09566004549634165,0.854501697912917,3,1,0
2,1.1378202567038502,1,0.18057702930453948,0.7276200958247426,3,1,0
10,1.2782570856891082,1,0.21360420609923422,0.9142979907204992,1,0,0
6,1.7042801728970172,1,0.10438242347464999,0.9585072711362035,2,0,0
14,10.36941791799147,6,0.7826922371543361,0.34488456932877526,4,1,1
19,1.9522901418720826,1,0.19214281265275318,0.9334075729433959,2,0,0
4,1.0260677231775652,1,0.12915880153866224,0.9858445051007518,3,0,0
21,0.8449319088366293,2,0.24104482298906538,0.757277975521493,3,0,0
8,0.6766266243352117,2,0.18019531996450674,0.9598286900835075,1,0,0
17,0.7505509191381128,2,0.08677343159179636,0.7497244530895661,3,0,0
14,15.442886754516348,6,0.8350507946460435,0.32270942785950696,5,0,1
22,0.7315440729113034,0,0.10485191162604564,0.9758593073968149,3,0,0
19,0.9416986393128766,2,0.24878603979502664,0.786238499469175,2,0,0
13,0.9030160390774191,0,0.13301400431375632,0.8870946334870798,2,1,0
23,6.434610440355739,8,0.6027186194344447,0.10170366439557221,5,1,0
22,0.6201722695770127,0,0.15012034371306035,0.91453004838511,2,0,0
7,5.958196511463543,3,0.9145326621580162,0.2527520636987541,5,1,1
6,15.205766206437833,10,0.8038625803215043,0.021087906533800462,4,1,1
2,1.5207489531120697,2,0.021694942577381582,0.7563761142445968,1,0,0
2,0.7275123195991268,0,0.1903747252650911,0.784741727911001,2,0,0
18,1.6959430486693305,2,0.060604700520746985,0.7004421466258934,2,0,0
16,1.2140756032986495,1,0.026127830038731446,0.9170343453550003,3,0,0
0,1.0957752944276822,2,0.222957959619481,0.759697641687831,1,0,0
21,1.7318859570080192,1,0.2571537770996259,0.9919234488916999,1,1,0
11,1.451008554649417,2,0.2650394288958182,0.8970188454164824,2,0,0
14,1.065926244656934,0,0.07778902765973213,0.7131699827929014,1,0,0
16,0.7082407589741152,1,0.14429186696583712,0.7684706090481097,3,0,0
6,0.830729313605263,2,0.08652163134562371,0.7173196477675351,2,0,0
7,0.8007870900505051,1,0.15605096769322535,0.7975871855085243,2,0,0
23,0.8984000638830592,1,0.04175901040370865,0.7428525894442995,3,0,0
9,9.297106066168755,9,0.6202029569531226,0.24844252996408123,5,1,1
15,1.8213061387983926,0,0.15338263866022533,0.9904197436152277,1,0,0
5,0.7096585649394342,0,0.13777196327908742,0.8744866878967581,3,0,0
10,8.763354748011572,8,0.6525649531421074,0.32675611580166736,4,1,0
12,1.6507824333966903,0,0.04277824322457262,0.7980227626090122,2,0,0
22,13.75878933891703,9,0.8438023564019933,0.1797072633862547,3,1,0
1,1.1938020741997217,0,0.1151498855799132,0.8343020276231254,2,1,0
14,1.0049064172908808,2,0.0752899984020894,0.8115172199207029,2,0,0
22,10.252980215348286,5,0.8055821786762832,0.041011679291120554,4,1,1
17,6.263965492337766,10,0.9946750446468097,0.049845354271330945,4,1,0
0,0.623571568423764,0,0.28430640778934124,0.8521178940216154,3,0,0
20,1.7453297968504873,2,0.0899757334520954,0.8896846460912919,2,0,0
11,1.4577889214961284,2,0.015067803439192128,0.9077076767383174,3,0,0
7,1.977261798443502,2,0.10733947959763253,0.8526671666773167,3,0,0
17,17.419646952533775,3,0.8051451517507965,0.34333217271236993,5,1,0
16,0.9374938680639548,1,0.014055572558280938,0.9574069813021687,3,0,0
3,0.7328603688960688,1,0.012607402551421587,0.8874622298820997,1,0,0
17,0.8002253663672152,2,0.0013089808950927262,0.9270190501205704,3,0,0
10,11.035595760837015,9,0.8889645537854178,0.11351917721661967,5,1,1
8,0.5589682097616484,1,0.04423575801188518,0.7440888128764629,2,0,0
22,10.059003440813395,8,0.7343373948157264,0.20569080450639105,5,1,0
14,0.5218169985018228,1,0.16626795423960497,0.8563888142962417,3,0,0
3,0.760842873829231,2,0.228570543781461,0.8622715011514243,3,1,0
16,0.9020954612343144,0,0.17969355245316315,0.8192837135658612,1,0,0
19,17.68501023648157,9,0.6574179023775072,0.025695430342850357,4,0,1
3,0.7796573932163817,1,0.2883406456222779,0.8173098607382195,1,0,0
20,1.8390075666154622,2,0.1748420505250469,0.7339910514182392,3,0,0
23,9.768570106599253,3,0.854252799456016,0.007667155009991111,5,1,1
0,0.9781287543981049,1,0.23951410215550573,0.9055402929623452,3,0,0
3,1.776810371073153,1,0.21664297063677176,0.8606969798042736,1,0,0
14,1.8451826148590178,0,0.16844537638785712,0.842142948519384,2,0,0
15,0.7728201265987172,2,0.019456078344890503,0.8452231209130605,2,0,0
10,1.258833018326699,1,0.12824690637618455,0.8179585603083767,3,0,0
21,5.528227602882852,9,0.9751303199940269,0.3993275026283827,3,1,1
19,1.0023584219856292,1,0.23268355527759824,0.7996573099346813,1,1,0
14,1.5021277048559694,2,0.014442850793506034,0.825500159230684,1,0,0
10,1.0258813382098955,0,0.001568884062873821,0.9928041469837641,3,0,0
16,1.3548345273069748,1,0.0473864468506044,0.7000034904266098,1,1,0
2,1.1416597006037934,2,0.14567690989781934,0.7537759767217842,2,0,0
10,1.8685450184250365,1,0.09355915737506496,0.9658280305939624,3,1,0
0,0.7728921957429067,2,0.2219712362300791,0.8715237949431246,3,0,0
4,0.7600603929421322,2,0.23301316708655434,0.7485014308710886,2,0,0
7,1.54204470628164,1,0.1909204110550221,0.9854472130530362,2,1,0
15,0.9038648464240715,2,0.28220377353460213,0.8298448006628407,3,0,0
15,1.8357909211098424,1,0.13745606602136778,0.9943577587492347,1,0,0
16,1.995311377768921,1,0.1959488371593849,0.8639290948233542,1,1,0
7,0.991246028266872,2,0.0558304253538832,0.7149937085979036,3,1,0
0,19.787054891754572,7,0.8577940246082376,0.1988916780079983,4,1,1
4,1.8005472441836727,1,0.12409280247559057,0.7155968055933122,3,0,0
20,9.869137527652423,10,0.6958583139830227,0.2723813165614305,4,1,0
18,1.6070504246395556,1,0.06572064273055733,0.9931020863316831,2,0,0
13,1.699874128059784,1,0.1622095429934731,0.8298300638797788,3,0,0
10,1.679517521623328,1,0.011698803772473476,0.700597640565721,3,0,0
23,13.212768260899917,10,0.8639973800541269,0.39241794490178633,3,1,1
14,17.911984053732425,9,0.6497687547407573,0.022837735163177487,3,1,0
20,1.0883660676495985,0,0.01059340648207172,0.7050842994668742,3,0,0
0,1.3513112723923373,2,0.11629464163669412,0.8760809519676721,1,0,0
18,1.7930639764839702,0,0.1458001481392809,0.8507893727890391,2,0,0
23,1.4688758619974018,2,0.19708654688014185,0.8780682806136357,2,0,0
15,1.0204298028443415,0,0.14138615021944936,0.9569611671243781,1,0,0
22,1.6454086912396413,2,0.17153170561449665,0.9905611995099677,2,0,0
15,11.118344127609202,4,0.6096164949465751,0.24860748961361942,3,1,1
1,1.3885254928900435,2,0.20326268023768596,0.9588990494076617,1,0,0
15,1.3312670037736902,1,0.1902312094128994,0.7464485837793159,1,1,0
0,1.018824585429435,1,0.29934625670459347,0.9013472420139066,1,0,0
6,1.4771305825277963,2,0.021279664840132027,0.9834208776349239,3,0,0
9,1.293405701040818,0,0.21167575879314737,0.9485666793718244,1,0,0
0,1.7982606888409705,0,0.1042029978776528,0.8496686993607825,2,0,0
16,12.130787830332235,4,0.8821960098692467,0.3007178349469026,5,1,1
6,1.758347129668901,1,0.14826373417508995,0.8107842310646622,1,0,0
13,1.9170980334371155,1,0.007005628898455773,0.748408840316615,3,0,0
10,1.2709842337397161,2,0.11038222539062534,0.7796748498875818,1,1,0
11,1.3001916379644822,2,0.08614138742537265,0.7454785224400298,3,0,0
4,0.7411398440724624,0,0.22935833839641528,0.9991547061708852,2,0,0
22,0.817172010494817,0,0.25258007003754257,0.7627556396223784,3,0,0
2,1.6140597817999716,1,0.2506440677226583,0.8717821698646067,1,0,0
20,1.7758725936413629,1,0.2942962134488055,0.7227099181929362,1,0,0
13,0.9152416958525773,2,0.15570968403886462,0.7633695494418793,1,0,0
19,1.560857951470098,2,0.2194489471021087,0.8751318341542335,1,0,0
7,1.6249407055987666,2,0.2365342029759896,0.9155361841967651,3,0,0
0,0.6912329934979736,1,0.2950564418145666,0.7911827536765081,2,0,0
2,0.7137433143522698,1,0.030567716419804058,0.8698542073675213,1,0,0
2,1.8027019638468693,1,0.12912822309629704,0.7230938401194899,3,0,0
14,0.8318141627294033,1,0.10857599725135948,0.8999389142580507,1,0,0
19,1.193008705466199,2,0.20037599964108813,0.970582059024745,2,0,0
3,8.304786479329513,4,0.6010832599281808,0.2330135109762944,4,1,1
22,13.209870265092292,5,0.8089987235562354,0.20560934795060393,3,1,1
20,1.1325813903101831,2,0.2890497722662765,0.8977136230396697,1,0,0
1,1.6524101207967772,2,0.19107069523642298,0.8178192229814248,1,0,0
15,1.2113213249861956,1,0.08851221229624687,0.7903138233502939,2,0,0
21,1.6997828839209728,0,0.2321638967190469,0.7891872370922001,3,0,0
13,1.743373211226016,1,0.03690098853712369,0.9781331886575282,2,1,0
9,12.75814141540294,9,0.6425647051611378,0.22910421318203472,4,1,1
2,1.7286534765112995,0,0.24635948476506794,0.9018615005794239,3,0,0
18,1.8562380417406226,1,0.06074416804957122,0.9421466612094648,1,0,0
10,1.7459291116815936,1,0.2837094441000847,0.9754717260026311,2,0,0
23,1.8256788274451385,2,0.046243512953546125,0.8670635329516287,2,0,0
22,1.3128514210675373,1,0.03630750014555791,0.856434707250064,3,0,0
4,1.4388370646555138,2,0.24672671210048353,0.7331295590233308,2,0,0
6,0.6127066726037131,0,0.27228330076696644,0.7812418984110917,1,0,0
7,0.545978753308709,2,0.11033579632684587,0.9882760440786473,2,0,0
19,9.760832750418277,8,0.7620432218351427,0.2108200625970255,5,1,0
0,0.8074764431237315,1,0.27086849855759615,0.9252819395089955,3,0,0
11,1.2427197905209615,2,0.16001598862960878,0.9508353109621746,1,0,0
0,9.269005734570214,3,0.692127689873151,0.20041609479384137,3,1,0
16,1.059032775518471,2,0.060393632346729974,0.7207137718943799,1,1,0
20,1.629074959336462,1,0.22853945741330917,0.8168214816936625,3,1,0
7,1.4744699734885527,1,0.09419001521320584,0.7316036453443999,1,0,0
6,1.5170242288385953,1,0.2382631987648216,0.9374674607774109,1,0,0
21,1.4000308221789557,2,0.15333874177116893,0.941999515908045,2,0,0
0,1.2341374454647107,2,0.20360098700176943,0.9686038267459508,1,0,0
7,1.5583627587735327,2,0.273986084272871,0.7745150826229622,3,0,0
1,1.920925009417723,2,0.19040138197618242,0.9420080559084217,1,1,0
20,1.1141174782868606,0,0.02815718544700686,0.76159988161204,3,0,0
4,0.6178677457325311,1,0.02678685735767188,0.869018605213792,1,0,0
0,1.095930935840551,0,0.04221345841462752,0.7691249986352049,2,0,0
7,0.5301067966665896,1,0.12889704382168052,0.7497249339460468,1,0,0
19,1.522254083335894,1,0.020300508570000476,0.9362647257576338,1,0,0
8,1.1611441204073423,0,0.2930400985531978,0.9018108982626694,3,0,0
7,1.5622581329679224,1,0.06321148916016095,0.9409006215873511,2,0,0
1,0.6082976134687638,2,0.08622287893967391,0.9408432804473501,3,0,0
17,0.665711169697092,0,0.2031361919205028,0.9030822348990512,2,0,0
11,1.3745623414545383,1,0.23837348361005706,0.7538094046036631,2,0,0
21,0.8494392121304506,1,0.12929556615398888,0.7749870839192863,1,0,0
20,1.6697764833400246,1,0.01880688648655976,0.7121052480579099,3,0,0
13,0.6722552371088053,1,0.16959907637148297,0.8987302035103204,2,0,0
17,0.517430809862151,0,0.016299610446871147,0.7284753810465009,3,0,0
23,1.4659993148585237,1,0.27323104849317453,0.7155507397359187,1,0,0
14,0.5146562711287754,0,0.23667974153280216,0.9293060159309282,1,0,0
15,0.6010259022031575,0,0.28723440571142883,0.8554024199213874,1,0,0
6,0.8194462422633662,2,0.10661537060572182,0.9321974134458287,3,0,0
0,1.488385912865227,0,0.21800129762109696,0.886387734714883,3,0,0
3,1.2199082520756852,1,4.040790134559602e-05,0.9244551736146539,3,0,0
8,1.5440309270806885,1,0.09069997480544813,0.7515081723116348,2,0,0
8,17.197214827519772,7,0.6852568477255747,0.05341369326429977,4,1,0
1,1.269032766524763,0,0.18088286294383846,0.8557673712340615,1,0,0
15,0.5980345111984136,0,0.08261435227662556,0.7556940114703729,1,0,0
21,1.0335090746974238,0,0.1538003177869249,0.9743645991545677,2,1,0
0,1.284598137153679,1,0.2270254517065905,0.9682282907599753,1,0,0
11,1.3574190342048498,1,0.01567736378580713,0.7666227612079961,1,0,0
13,1.0747077923742463,1,0.06209777353152803,0.8197105952927304,3,0,0
11,1.6563683056187328,0,0.1265484535616494,0.77451287811094,1,0,0
15,1.3054616343401204,2,0.08107430763923497,0.8597512199247945,3,0,0
15,11.852267068342027,8,0.694398642363695,0.038807287294835784,5,1,0
12,1.3056598127278216,0,0.13105521078455387,0.9854289431085497,2,0,0
0,8.021958815802995,6,0.6191655471653335,0.1784597025828678,4,0,1
8,1.6214140702643767,2,0.2316037428929971,0.7558407693260043,1,0,0
18,1.1283881742568218,2,0.052464431152787816,0.9358616956783175,2,0,0
17,15.09133979370386,5,0.612955655110398,0.3517297853450243,4,1,1
3,1.5700243788268287,2,0.10867063249568651,0.7725679882338667,2,0,0
19,0.8148583896433786,1,0.19949547104279858,0.9587921413447537,3,0,0
4,1.2614155680266825,1,0.19625238044222235,0.7087509290935793,1,0,0
2,1.1799332521220414,1,0.16399446605633652,0.787013659588731,3,0,0
5,1.2432369743092977,1,0.18237156422721112,0.7187578887228537,2,0,0
12,0.8572741715700898,0,0.003721210883194437,0.7169756968440146,3,0,0
12,1.9849403485849177,0,0.15701727341230992,0.9755279296436226,1,0,0
3,1.5922831343054051,1,0.21420979334005694,0.7742679310839659,3,0,0
8,1.0217138118532896,0,0.03744624419005449,0.8000885187510597,2,0,0
0,0.9329458298603837,1,0.29160159888946113,0.7866654816727496,3,0,0
1,1.9815020119949704,1,0.17809823736256153,0.9362161080256999,3,0,0
20,1.7627431651374081,0,0.24192108516985183,0.9851377511725887,3,0,0
11,0.7278540402684415,2,0.17646068008451715,0.7197084576863096,2,0,0
3,1.9621897432201747,2,0.11853927228345097,0.933730775918736,1,0,0
16,0.7089081089950808,2,0.28934299617024345,0.9080854172421385,1,0,0
6,1.3961196532554625,1,0.2914598072703152,0.8224455072600094,1,0,0
14,17.17358006527322,9,0.6297338435544285,0.10604530016605951,3,1,1
10,0.7463986968964894,1,0.07758625046641163,0.9276328761271975,2,0,0
8,1.0887403346100273,2,0.095276038578335,0.7979917748277733,3,0,0
8,0.5777353052336404,0,0.06759507898537052,0.9283023770486176,3,0,0
0,1.0382457261852538,1,0.1558157578511812,0.9839369539451217,3,0,0
6,1.1562123830355935,2,0.22372013481936964,0.9310474635271287,3,0,0
2,1.5711303981986418,2,0.19324476644277477,0.9986893328496651,2,0,0
20,0.9729355067459156,2,0.0918940496334638,0.8992658154966905,2,0,0
1,0.6607580170096641,1,0.24950911310273202,0.7824111445143676,2,0,0
13,11.99379922291753,6,0.8827825273973691,0.37875207853640946,4,1,0
22,9.641191923056667,4,0.9063473702650127,0.17248419394573156,4,0,0
2,1.8837490717659435,2,0.023821975392908857,0.9341895152276671,2,0,0
18,0.9835307674620845,0,0.03443066156076524,0.9852785783507645,2,0,0
14,1.5878864906227048,0,0.15928130352362815,0.7253696134291713,2,0,0
0,1.8081858634162273,0,0.16792670509151478,0.7235367448951372,2,0,0
22,1.3140866650213943,1,0.025039225496814987,0.8267887591040827,1,0,0
14,10.192953300204916,10,0.8398389040176216,0.13722069300786024,3,1,0
22,1.9761252037989427,2,0.19374671588594528,0.7307703887750769,3,0,0
14,0.8636145986226204,2,0.05942928982792203,0.8442670439809027,1,0,0
11,10.127986531972265,5,0.6050385605087147,0.26913267596817203,3,0,1
0,1.4754885295204052,2,0.21396206498478532,0.8829092275457848,2,1,0
9,1.075836832059817,1,0.272766061758468,0.7213474855520298,1,0,0
6,0.7655157264151202,2,0.023117483740299347,0.7226815121850252,3,0,0
5,1.2373918201121552,2,0.04286278840182351,0.9702882687071404,2,0,0
0,0.9276427530407707,1,0.134921952735162,0.9271930621403317,1,0,0
4,1.8009413014397035,2,0.14502223079194398,0.8163478269750793,2,0,0
7,0.9153164722208056,2,0.2995042534178849,0.975245752939597,2,0,0
18,1.5785688577763684,2,0.08804664696243648,0.8302062918126276,2,0,0
20,1.5983373296143417,0,0.22535341434252543,0.8113338815290383,2,0,0
22,0.6224449730458843,2,0.12495132957116369,0.7502071096710342,1,0,0
20,9.527140544940405,6,0.6903358528893568,0.3815747010105635,5,1,1
20,0.8602184281672896,1,0.1858768012379522,0.9341128370712941,2,0,0
21,0.9786507098648835,1,0.013121721692684206,0.8473287188149495,1,0,0
12,0.5867640148450946,2,0.1021161312763517,0.9879588408140365,2,1,0
9,1.4116051923182886,1,0.26652110169260435,0.766708391424451,1,0,0
12,1.3118998680141654,1,0.0057348283289292085,0.8451968104539241,3,0,0
15,1.145458842349194,2,0.16575029022236673,0.9664354566802107,3,0,0
18,14.258293744916871,5,0.8760492470728032,0.004767193191296837,3,1,1
3,0.6282627962817021,0,0.26769074944189564,0.8296056782783517,2,0,0
1,1.4418505842363616,1,0.13020580985216257,0.8907864121491185,3,0,0
2,1.0319332364611649,1,0.1817337748358071,0.951372512455541,2,0,0
0,1.5194709240396047,1,0.15163653537313498,0.7688794482261906,1,0,0
8,10.898922276488229,9,0.8324861909957533,0.2798137030462095,4,1,1
21,1.8024087581125707,2,0.15475857081369843,0.8205661599672189,2,0,0
1,1.8797834246191407,0,0.10571248398289632,0.8006831362809528,3,0,0
14,7.676241448452437,8,0.6755176111093778,0.20731188827548444,4,1,1
0,1.7901835957838068,0,0.21209294623671485,0.7724489455770603,2,0,0
13,1.7671748421753315,0,0.03687620353961627,0.8105041641383054,2,0,0
13,16.098017399006054,5,0.7949625212403231,0.11918197252674619,3,0,0
9,1.924941775925338,2,0.11526201389574006,0.7495853470428872,3,1,0
0,0.8745020132887789,1,0.20057179401687422,0.8105346759749736,3,0,0
20,0.8873665824484376,0,0.2658587341395223,0.8939376224913791,2,1,0
12,0.8630675237937913,2,0.22227121684562143,0.8081280481424458,1,0,0
22,1.8289666223542806,1,0.25726870129838514,0.7867562338887849,2,0,0
16,0.8896306756404893,1,0.11854132297929558,0.842276506293086,3,0,0
12,1.0414608454100402,0,0.017857410104331506,0.9468951415125302,3,0,0
17,1.450217329739221,0,0.18939226592759661,0.7802206083572624,2,0,0
20,0.6796431977288768,2,0.24079299293871312,0.9530948992155471,2,0,0
3,1.055708154187073,2,0.2356954854240696,0.7186609678494108,3,0,0
3,0.695129360195948,2,0.22214283958605574,0.9724685466100969,1,0,0
8,0.764580479759335,2,0.20589815900582922,0.8141553129609683,3,0,0
10,0.6280245021179658,0,0.09118392037221713,0.9451384426046755,3,0,0
17,1.2311467973742705,1,0.09508397633733578,0.7226750841562201,2,0,0
0,1.154189793702975,2,0.20076007888142353,0.7805601268202822,1,0,0
0,1.3519178458289443,2,0.21719191663982815,0.8327636544444237,1,0,0
19,1.4483964318792957,1,0.08378282653632313,0.9516991983154033,1,0,0
20,1.4331300503418103,1,0.09168126464706446,0.9319425621756015,3,0,0
4,1.2540805851387187,0,0.008150226367667945,0.7994694097201581,3,0,0
14,0.8868315281498034,0,0.17750914869189766,0.7045332052643425,2,0,0
4,6.045791387505942,6,0.9380048948623103,0.06824044984865774,3,1,1
5,1.6697680927267153,0,0.15312974670126966,0.702509104563057,2,0,0
16,0.7723965752021384,1,0.15156203207299146,0.9137863999295539,2,0,0
12,0.830274802924717,0,0.06832492083096288,0.7759817150568145,2,0,0
19,9.073256827662284,9,0.9510768715311393,0.335359855236876,3,0,0
8,1.540523338672233,2,0.03329942963739445,0.8274552528604261,2,0,0
9,1.094363028353988,0,0.25009498858127566,0.9089289421108322,2,0,0
13,1.3485979459936865,1,0.08273027047540708,0.8353882339087765,3,0,0
19,0.5686130507187692,1,0.2485407898347351,0.9226759561597262,3,0,0
8,1.7248991592073657,1,0.26387455648545877,0.9341096509020645,2,0,0
12,1.0963915969441915,2,0.02187055061037105,0.7792185954081156,1,0,0
4,1.4775002380638276,0,0.2718333006397491,0.8785909797782467,2,0,0
14,1.6961390324103922,1,0.04463879082153469,0.9647679630317042,2,0,0
12,8.862184642155873,3,0.9468709417805409,0.1546785799949848,3,1,0
7,1.1281557873381096,2,0.08420496465479228,0.9872743045251452,1,0,0
12,1.3617096697698678,0,0.1537507946310995,0.784743623193108,1,0,0
0,0.6698570687611329,1,0.13777955915196416,0.8541563392620303,1,0,0
16,1.8073052092285644,0,0.08838581890385795,0.7509643018152206,2,0,0
3,15.870443813927368,4,0.718168814525506,0.2411571530421741,3,1,0
15,1.8411488055187015,2,0.08430134967261407,0.7808535586876818,3,0,0
7,0.5275860148212002,1,0.19566727786364174,0.7813288761292196,1,0,0
14,0.8224105678861351,2,0.15222358161534266,0.8913064740687806,2,0,0
9,1.171118550235182,1,0.08192124299184372,0.9420896472651981,2,0,0
6,1.1155952404844922,0,0.018795961036606357,0.8921845550646662,2,0,0
12,0.5438709245518387,1,0.17318370876993935,0.8944954022356286,2,0,0
16,17.764278491102,9,0.7669566496024401,0.04379638902178487,5,1,0
12,1.4975550118193832,1,0.14461231743362477,0.874877817041279,2,0,0
16,0.7292887087764981,2,0.271876374156311,0.9831104778460662,1,0,0
8,1.9735679253629095,1,0.27193123600332325,0.8999801437139857,3,0,0
7,1.2445493708018545,1,0.039446735969394485,0.9632410139963445,3,0,0
18,1.4201170838160615,2,0.1375569026645672,0.705738689931186,1,0,0
15,1.8732324463820627,1,0.03616752492110707,0.8947966973730644,3,0,0
19,1.4955067480439723,0,0.18511995483534038,0.7027162484741113,3,0,0
14,1.6181592112764949,1,0.22965386969733292,0.9135168417238146,1,0,0
17,19.898977946446198,3,0.6642534450474202,0.3932258798459282,3,1,1
23,0.6303804321311355,0,0.14893834570658993,0.7590777113360285,1,0,0
15,1.8445037277816796,1,0.20034140496792194,0.7833558328269137,3,0,0
16,8.0900851782806,6,0.6365950073549834,0.2641553009583302,3,0,0
12,14.25069061470164,9,0.8872671790242055,0.12277242919249304,5,1,1
1,12.74941387781413,10,0.6478123478188311,0.2947305823006016,3,1,1
22,1.748201266936613,2,0.28681414308357994,0.796348645790786,3,0,0
3,1.4279170673227766,1,0.060966927325826176,0.9632051359398516,2,0,0
8,1.4477202905250026,1,0.26792706155862445,0.8392715559217674,1,0,0
0,0.6913704541933456,0,0.18306754484329238,0.8708619338701311,3,0,0
23,1.0948141734819052,1,0.0446664150997334,0.7879925832341694,3,0,0
13,0.5704489501625826,1,0.0016517397481262462,0.7565621817247753,3,0,0
18,0.8460047175766381,1,0.24801220792244622,0.8823258049286957,3,0,0
8,0.6809538066509012,2,0.10027149560881823,0.7676143804020297,2,0,0
20,0.6330538006355835,2,0.01756527877319376,0.8097042244784114,1,0,0
7,1.5834003977834887,0,0.17950724528932763,0.8925203191895674,3,0,0
11,0.8024409800716168,0,0.23588345981520992,0.8740266504008364,3,0,0
15,1.2198134304558632,1,0.10376323822135722,0.8516902460265876,2,0,0
13,12.60028686281004,4,0.9530461830068984,0.18157045456871837,4,1,0
6,1.807765291617848,0,0.14769764400035457,0.7199694183742669,1,0,0
20,1.5973842826329978,0,0.23027028855537546,0.9825075959974092,2,0,0
7,1.9797728731894695,0,0.017116416345376296,0.9943533510286884,3,0,0
19,1.1522410079056193,2,0.2471371152663884,0.9198200424358496,3,0,0
6,1.0654166441373614,0,0.07163886341446178,0.8492619556438307,3,0,0
8,1.488175050066076,0,0.024054004224571036,0.8753346729272278,3,0,0
0,0.5771387202263756,2,0.2978450516997211,0.7597811009400403,1,0,0
20,7.045554912013488,8,0.8753353646186259,0.17793574373621182,3,1,1
1,18.401070936319805,6,0.6236200577833088,0.17470312713883002,4,0,1
8,1.6648952791876126,2,0.10734422523406466,0.7265154840953556,1,0,0
2,1.1587023628553277,1,0.2611735275138021,0.8429007199903296,3,0,0
15,1.2783765579242563,2,0.1549717885337937,0.951940481999328,3,0,0
16,16.87903434445646,9,0.8617385838611431,0.11006804499522721,3,0,0
22,1.2300034121370542,1,0.17853950247170444,0.8820540866620417,2,0,0
0,10.911352291617547,6,0.9259174670094634,0.21017805054487182,4,1,1
0,1.4393304824471231,2,0.1509251852339509,0.7093447278380173,1,0,0
22,0.8096319076409049,0,0.1085559279615416,0.964898147448932,2,0,0
3,12.992405561020913,6,0.9945949606286918,0.16045918779671903,4,0,1
16,1.3213885642306042,0,0.1373098815477882,0.7160043990966692,2,0,0
9,0.582142458233047,2,0.07196223382678342,0.9083786281759856,1,0,0
17,1.0251878887500951,2,0.11565357142107668,0.7658661769689405,1,0,0
4,0.9397215953915199,0,0.25567916231735444,0.7304118692659477,2,0,0
23,0.7206102213935569,0,0.11049285915205449,0.811521788471899,3,0,0
5,0.7678169930815004,0,0.028960341058632242,0.9056331649665704,2,0,0
4,0.5905281259858457,2,0.24665396604492698,0.8501078338646681,3,0,0
23,1.0185439902558793,0,0.24108106063246054,0.7975885402069093,2,0,0
5,1.1940196785044097,0,0.13537180325429643,0.7614040327171852,2,0,0
3,19.932664520237996,4,0.7213131757618109,0.1314282530929177,4,0,1
5,0.9931274154312624,0,0.20868544394904207,0.9695681814024518,1,0,0
20,1.922679960443235,1,0.2636936700846802,0.8970268190423671,3,0,0
12,0.911322803523005,2,0.12086198478979113,0.9817205438350876,1,0,0
14,6.821223582574582,4,0.8500864500125753,0.10685762794825973,5,1,0
16,0.5397983058107296,1,0.023690748657248583,0.7202507640051465,2,0,0
19,0.9082177058449441,0,0.015340614432630217,0.9515475501529074,1,0,0
2,0.8357264222339347,0,0.102734393650414,0.8894256763655128,2,0,0
19,16.83534266822201,3,0.9781486598459112,0.18203025420815377,4,1,1
23,0.550298652103669,1,0.15990866017384198,0.9296640251547582,3,0,0
12,1.37325569026441,0,0.0026589855340406698,0.7420973554580544,3,0,0
12,1.147489319344519,1,0.047672450300806066,0.9943431195375465,2,0,0
22,0.6942723819242063,2,0.13321312476066086,0.9076220941073107,1,0,0
9,0.8786554165160312,2,0.0553428759400918,0.8588979171836859,3,0,0
17,1.8980421582650262,0,0.2077597294611324,0.8645257488980688,2,0,0
19,1.1219361855905357,0,0.009956806368727866,0.9114613030130145,3,1,0
18,8.976219265078589,8,0.8836006045305518,0.10622303920496545,3,1,1
17,0.6373731099899512,2,0.18113863588481632,0.9798131524398284,1,0,0
12,1.023302399814493,1,0.1454088861390141,0.772119673868052,2,0,0
3,1.2989258996825348,1,0.15542362987164463,0.8378994611207984,3,1,0
23,0.6990736310645905,2,0.1481442121370786,0.9593299740605092,1,0,0
20,1.7737934773479789,2,0.2825177134856775,0.780656054314658,3,0,0
14,1.4363569938709881,0,0.03164210998698917,0.8520761313885503,2,0,0
8,0.7112855305696998,1,0.09753120462950969,0.8488776258647084,1,0,0
5,1.3476997753838134,2,0.21580608671074755,0.9127962485417829,1,0,0
3,1.8051483108513948,0,0.17465962397823415,0.8606661444639018,2,0,0
1,1.9542056499130533,1,0.12332868078021196,0.9314880732935823,3,1,0
2,11.287042616630824,6,0.9055426000800856,0.25241975730808824,3,0,0
4,0.5268109021001207,0,0.2064822707340711,0.7481096218359229,1,0,0
6,8.104904018675873,10,0.8273727817322013,0.11857795509766125,5,1,1
19,1.5462071925039256,0,0.11259897237588055,0.7610418227492787,2,0,0
7,0.9199686404904263,2,0.1256379957222484,0.7965009968978646,1,0,0
11,1.0967833985686124,2,0.15972620468256513,0.8695255937358268,1,0,0
19,0.6154298024438137,2,0.25368130889697205,0.7780709793955688,2,0,0
9,1.528347930843457,1,0.24118755226575608,0.9693757560872998,1,0,0
14,1.709301919689592,0,0.2799339994030673,0.7871513517014261,2,0,0
21,7.756769976618517,5,0.8718819114307336,0.17426882644891617,3,1,1
3,11.03460562073558,9,0.949007980731745,0.15918413855230287,5,1,1
21,0.7090341111092362,2,0.2107901319256549,0.9895046108363416,3,0,0
4,1.1783269113347108,2,0.19024264148872105,0.918117028484617,2,0,0
3,1.046404791572113,2,0.23658448940172191,0.886724092469799,3,0,0
23,1.3854424137722117,1,0.24941205431571295,0.8039572503858154,3,0,0
19,1.4301091338927703,0,0.15699888935842238,0.8963952060597864,2,0,0
3,12.580478847588946,4,0.9464931481070682,0.3155708095795518,5,1,1
5,6.7865980381507445,9,0.6228946774067238,0.06542151781207495,4,1,1
16,0.6568517605016004,0,0.2139138151902956,0.9122191000098783,3,0,0
16,1.3060934044068844,0,0.18627857024352934,0.8036025856734663,3,0,0
22,1.7098417217921746,0,0.02130229935997664,0.9762299825390073,1,0,0
2,1.7965373747594555,1,0.1429310959031375,0.8985906834381605,2,0,0
0,1.3394604969623267,0,0.12676452849358338,0.7751403696377497,2,0,0
16,0.772153152634696,0,0.07185305097286143,0.8556102983141785,1,0,0
7,7.408905425649628,8,0.6275711512538594,0.39790998182956244,3,0,0
3,1.6403417898345298,0,0.2123505291689306,0.7753004149786901,2,0,0
2,1.3351443395208946,2,0.2810467386099275,0.8903091066615061,1,0,0
0,1.056558144476904,2,0.1012036640307278,0.8749572412831292,2,0,0
20,1.699115598363564,0,0.09845782608279346,0.9433371309800412,2,0,0
2,1.3280707712779702,0,0.2728880458309777,0.8449119092676669,1,1,0
19,18.272119205459763,4,0.9349798380333847,0.05587694904117546,3,1,1
14,0.7016220154084614,0,0.25518481735234133,0.8177374558688439,3,0,0
14,1.3944048177230797,1,0.10295020595179746,0.9293322184226513,1,0,0
22,0.6241980018876897,0,0.011016408750246343,0.730567930261881,1,0,0
4,1.53182858345122,0,0.10761465762510404,0.8751140763194092,3,0,0
21,1.5078391153980926,2,0.2618261518698384,0.7205059600929875,2,0,0
1,1.188703634357392,0,0.17791330025603525,0.9922583331449071,3,0,0
0,12.385434552794388,8,0.8086203935643869,0.22759327772164914,5,1,1
16,1.3680131128585902,1,0.147859375334234,0.7095231296118966,3,0,0
22,19.080719530610523,4,0.8822461219137172,0.041766147799247214,4,1,0
21,1.3496069604453458,1,0.11910451237115749,0.8303209957019829,1,0,0
20,1.66937671035013,0,0.1168445684707261,0.7702610112779003,3,1,0
9,1.012808249058029,1,0.2063166127291682,0.9413483927295467,1,0,0
2,0.5613029243997183,2,0.0809462160384643,0.9973983704692662,2,0,0
12,1.088667661133953,1,0.26334902344561223,0.8258343981871941,1,0,0
6,1.9015505221535223,2,0.09430503395512452,0.9143272492213727,3,0,0
10,10.341396277496326,7,0.7003493886864443,0.2609903822028929,5,1,1
14,1.9759664719397423,2,0.08858714821438297,0.8909122844600124,2,0,0
5,1.4653665427947875,1,0.11094397679615299,0.9032594841651054,3,0,0
17,18.475329127514982,3,0.7034843789662538,0.19541698657610285,5,1,0
14,1.8942937163717388,1,0.04973236204898272,0.7574778837204477,3,0,0
7,1.253292515496864,2,0.2814914455345448,0.9901105825768439,1,0,0
13,1.6152623844374117,2,0.2482556766318909,0.8300416698266903,3,0,0
19,1.5851301705328775,1,0.011837859867269795,0.8682034884816849,2,0,0
1,1.5635907791763746,2,0.03160947667525694,0.8583032398665085,1,0,0
21,1.2381744396193073,1,0.2166212814608211,0.7899401582695708,2,0,0
21,1.6542393997879055,1,0.07804733728861535,0.9544126268804451,1,0,0
21,0.6561628729768607,2,0.21110579323823872,0.7857274973778118,1,0,0
17,1.3869131536173938,2,0.24779346381242454,0.8385148431439358,3,0,0
12,1.4817668214217028,2,0.2865345621875104,0.7230915008142622,1,0,0
15,16.192694578284083,4,0.8708579866686676,0.2165450553584528,3,1,1
23,1.9097481854202127,2,0.24663094818006764,0.9432635743023755,1,0,0
7,0.6680583532520785,1,0.04177361133527855,0.7488099231425698,3,0,0
6,0.6604709582404376,0,0.18797775332796307,0.7653002198741607,1,0,0
10,1.2612016006412543,0,0.06014235465852083,0.7660333977714259,1,0,0
7,0.9520668112462132,2,0.2954968968422625,0.8773390909775549,1,0,0
15,1.28658540399137,0,0.11412016469112289,0.9614242102572563,1,0,0
20,0.8706548510152197,1,0.2551044003359686,0.9072651929652469,2,0,0
19,0.5594282380225357,2,0.2518015477068007,0.8233574553983758,1,0,0
1,0.9896919623659879,2,0.2675616434432204,0.8871229254592027,2,0,0
20,0.6968673165235814,1,0.1348049226118926,0.7778729347825147,3,1,0
12,10.594997533502944,7,0.9464908122314707,0.24789914179662642,3,0,1
7,0.8273808317975963,0,0.2892052221353107,0.735265390045066,3,1,0
10,11.75415215662386,8,0.8866425195840124,0.24090252095090292,3,1,0
17,0.8095005776086888,1,0.21230428042227473,0.7422408846678028,3,0,0
8,19.717723381907632,3,0.6318420307970022,0.31370851972268676,3,0,0
12,0.6864458352283171,2,0.2007067011987325,0.8517873723204794,2,0,0
8,16.87836985693594,3,0.6255603768193495,0.1186150358481048,3,0,1
6,1.4977958310443003,1,0.09906451946144926,0.8059151174800907,3,0,0
2,1.8898814377422415,0,0.13458318928636276,0.7004060877146404,1,0,0
10,0.5631397844545428,2,0.13620048635883444,0.8831640265046273,2,0,0
17,1.5355922429440478,1,0.13205969938664716,0.8734895198261081,1,0,0
15,9.743226838449951,6,0.6358264097265243,0.28624828678871433,4,1,0
11,8.978128054952437,10,0.979408131005566,0.2686640923991595,4,0,1
0,1.0764899707395226,1,0.008261015960839646,0.908184877153047,2,0,0
21,6.53550626874814,4,0.752356145049865,0.30124753887186967,5,1,1
3,1.6860847472584453,2,0.13392585492047465,0.9442377056773485,2,0,0
23,0.7229940916296694,1,0.06379331291132884,0.7704920214987858,3,0,0
5,1.248332230177034,0,0.10807017564012836,0.7938333967631062,2,1,0
23,17.84001612339729,9,0.6387915050064381,0.20279984805733897,3,1,1
23,1.3750876921491808,2,0.1253282937825299,0.7544841903269808,3,0,0
11,0.6933195828659738,0,0.23825919938312526,0.8194015878863508,1,1,0
13,18.59350279152708,6,0.6031066568615875,0.3478465830929047,4,1,1
16,1.9253560307312036,1,0.11515166491349384,0.8850350823557623,2,0,0
20,12.72957781991565,3,0.9399785983780754,0.27351528035594985,5,1,0
7,0.533703962480176,0,0.26775698698645384,0.8797133761451145,1,0,0
5,0.7300271046741202,1,0.0497864685887355,0.9954575208287427,3,0,0
19,0.7884335282130062,0,0.24149669990423092,0.9355568629445226,2,0,0
15,17.03057405424303,9,0.6476085217972564,0.11362335561617161,4,0,1
16,0.9084609897790534,0,0.1463001205863793,0.7938722182640945,2,0,0
4,0.5555114520732389,1,0.1675927189351276,0.7316179654323415,3,0,0
6,13.060107452647717,7,0.7934199403161476,0.3866235674220573,5,1,0
15,6.520697637047953,6,0.7431019053174857,0.1996745803733322,4,1,1
4,0.6086703316918383,0,0.22459357023786,0.9996677836099872,3,0,0
16,18.928953222959578,5,0.7297315516547866,0.01550277422167299,3,1,1
16,1.691037783905444,2,0.061129937738306724,0.931336844755566,2,0,0
13,5.859654650157302,4,0.9478725293374651,0.399619799241458,5,1,1
0,9.92578249424908,8,0.8280726527018776,0.05163447805698471,5,1,0
19,1.1320355034156053,1,0.0215135666542953,0.850939741765462,2,0,0
15,15.788516285662201,9,0.7015939013505014,0.10416124351516337,3,1,1
8,9.11180545728801,5,0.9635461625276014,0.17846817512507862,4,0,0
11,1.7370214488877238,2,0.23715293828246548,0.845528397993862,3,0,0
5,7.879331584935887,6,0.6880360264189089,0.17629561643370542,4,1,1
9,1.6116809739350886,0,0.018681931764565684,0.9600311063518001,3,1,0
16,10.669910579392297,5,0.9379190324752584,0.18544882973737994,5,1,1
6,1.1177613712209027,1,0.13749019245859692,0.8969893221123628,1,0,0
0,5.331287679517696,8,0.602856832707298,0.05482112113126219,5,1,1
13,17.128558012210853,9,0.6929616184857652,0.11997539591922544,4,0,0
2,1.28960399140417,0,0.015706506056241718,0.811936785526715,3,0,0
6,0.6203506184924633,2,0.14627135810201528,0.9154993526116012,1,0,0
4,1.1012771251454598,2,0.29523309571094936,0.8112823024473296,1,0,0
2,1.424975471781107,1,0.021532741867953908,0.7730190049655591,1,0,0
18,0.6526737089306056,0,0.07409363972159995,0.9723696381338858,1,1,0
4,0.6598973797006578,1,0.12330632257966373,0.7643219448979494,1,1,0
11,1.0013658362254412,0,0.11837282267929392,0.7041236662034035,2,0,0
5,1.8422249840907914,1,0.12981874080591138,0.8779474657118405,1,1,0
15,1.4876777519876383,2,0.13880268151961805,0.839892926842051,2,0,0
1,1.1939344351089745,0,0.03345366369638292,0.8465486897979716,1,0,0
10,0.546701124326767,0,0.12153080835826992,0.7656146838993781,2,0,0
15,1.72560810642392,0,0.2699500037061817,0.7036309350328321,3,0,0
14,1.810367936160166,0,0.06618358581336338,0.9022390886608189,1,0,0
22,1.2073642828252376,0,0.024517603724033474,0.8075735384574619,2,0,0
22,0.9330406051560498,2,0.17161459301079024,0.9245153049028694,3,0,0
16,7.578688365906565,6,0.9117460681340479,0.28829004481067155,4,1,1
1,1.0131226230738613,1,0.095028503120258,0.7163903260002916,1,0,0
16,0.9098892904973139,0,0.15677297980102353,0.9088468435413776,2,1,0
9,9.59401830506922,6,0.9294582379012364,0.3059104968500357,3,1,1
9,0.8288209810370665,2,0.1416845412488945,0.782586464035558,2,0,0
22,1.0223832005349505,1,0.28742204403581406,0.7360621687361728,2,0,0
1,17.854466221643584,7,0.7407539337388026,0.021029759124401262,5,1,1
22,0.7584798068024448,0,0.20294038116790866,0.9828172957282337,2,0,0
15,0.5591402170527588,1,0.19082881392286266,0.8890741658368474,1,0,0
19,0.7454357317875038,0,0.019802953242072475,0.77245018839785,2,0,0
0,1.8048445430931923,0,0.05212847794072314,0.909162814572891,1,0,0
3,1.101144591312989,1,0.033216177997894704,0.9390044191574116,2,0,0
0,1.7025921246046878,1,0.014455803717988868,0.9943353723603807,3,1,0
21,0.6215693238614719,0,0.16290737518729895,0.9065894887923627,2,0,0
1,0.6537645919860189,0,0.040330538822436555,0.7199389977328816,3,0,0
21,1.5341974537058987,0,0.18981356362458027,0.8742851139664538,3,0,0
7,5.744922371895783,10,0.6054646741882438,0.13911296121955488,3,0,1
19,1.097253040386415,1,0.19534427546450223,0.7585721808869476,3,0,0
11,1.9717792670411352,1,0.25409065626211813,0.8108722598280319,3,0,0
17,1.3472616998939246,0,0.13411666314192763,0.9595887276726738,2,0,0
10,0.8933960664497376,0,0.1480639741020356,0.914215817013438,1,0,0
4,1.3934581109117663,0,0.16306146520279383,0.8692222086500553,2,0,0
11,0.5601637871187237,2,0.03731051970015307,0.8064773982631029,2,0,0
18,0.5368803746882023,0,0.22602837667709072,0.8791465917970905,3,0,0
17,17.78318586802511,4,0.9407383703355552,0.0892039294134932,5,1,1
16,0.836660857754991,2,0.017294274659707464,0.9611580898808152,1,0,0
16,17.54623394869785,3,0.6362237870403682,0.2616881848116052,5,1,1
1,0.5319041162755807,1,0.11135172703128828,0.807065792551333,1,0,0
16,0.8819609821456458,2,0.21684429096254512,0.8071363477901508,3,0,0
6,1.7148116687819523,2,0.25804190800483046,0.8731367758114962,3,0,0
18,1.553697455816156,1,0.25281357064816645,0.7696054540926431,1,1,0
20,18.028355423741914,6,0.6692095479004657,0.19759165965607517,4,0,0
21,0.5473792172384631,0,0.22831133707523488,0.8790555630663278,1,0,0
23,1.9262953433756156,0,0.08986970338616217,0.8148396293309164,3,0,0
4,1.0695386122509003,1,0.019092272785992702,0.8268185910681797,2,0,0
11,1.9163997336701508,1,0.1266102780382917,0.7065739986325027,1,0,0
5,1.479119161777812,2,0.0725681484776517,0.7997368471446136,2,0,0
11,1.315329291670983,1,0.16161053938581427,0.7207022777838449,1,0,0
4,1.8940639836913786,0,0.16805045503855257,0.7686030338810826,2,0,0
16,12.234110001223153,6,0.6461451205222816,0.1728042235721451,3,1,0
17,0.9305571997623692,0,0.25618859008662664,0.8117599821278652,1,0,0
9,0.5950624557091516,1,0.16836683648475748,0.9262794920041069,2,0,0
23,15.423775696722613,7,0.7581673080969512,0.1586362297545319,4,1,0
6,1.8408388745764364,0,0.2378563257101518,0.9627649250551171,1,0,0
14,1.4253903775636134,1,0.13174494499012449,0.7206141033171882,1,0,0
23,0.5196416848825005,0,0.19286457301761228,0.703425395036222,3,0,0
15,0.8077094607230108,0,0.27215850921174894,0.9400010445291044,3,0,0
14,1.4047281641995824,0,0.03240772623920741,0.7024959826681576,3,0,0
23,1.5029648298866465,1,0.2890183302640651,0.9778582205295345,1,0,0
0,0.848319042720226,2,0.019561377378147615,0.9565090604859805,2,0,0
16,1.6159194388590155,2,0.274527020522113,0.7383600403667252,3,0,0
23,1.1690086594369336,0,0.1368709526866626,0.9228644481003817,2,0,0
19,1.8883527693601645,0,0.14135036967984438,0.9277015847565793,3,0,0
4,1.3926168960503822,2,0.21067762980949928,0.7274174458995328,3,0,0
2,13.46959786844303,4,0.7067088254495696,0.347740920396939,3,1,1
20,0.7731768735330489,1,0.20334396009301325,0.8797906348418313,3,0,0
12,8.830300253433522,6,0.6728252515527421,0.33001412765712,3,1,1
6,7.108206919933144,8,0.9723994478850336,0.12164953978721448,5,1,0
16,17.937344328474513,9,0.8672013002972057,0.3992799630662471,5,1,0
0,0.9855188546063656,2,0.294389127149174,0.7286197831939631,2,0,0
3,1.624477747614387,1,0.2502433791002027,0.9249933395356212,3,0,0
1,1.0839434210629648,2,0.24077570387394384,0.7277876449154101,3,0,0
17,1.138240001672113,0,0.004408016596486153,0.7831037572977936,2,0,0
18,1.5788026674083957,2,0.2215792374396992,0.9512101239310452,3,0,0
14,0.7512238733886046,1,0.050085926624159616,0.8326881416353406,2,0,0
17,11.374302785936456,4,0.6976590242027629,0.3725915970386723,4,1,1
3,1.54092266670065,0,0.1845894075209406,0.9545276137271574,2,0,0
11,0.5331853272934959,2,0.23067683463229227,0.8962398211083621,2,1,0
23,15.786134307662177,10,0.970330949777407,0.36555051612871853,5,1,1
4,1.7259466549437406,0,0.06266481720154911,0.8364293027657983,2,0,0
4,16.072524058052654,5,0.7018994829346875,0.3407161354642167,3,1,1
11,6.508440981251665,9,0.7049940031602364,0.2998182256884341,4,0,1
4,1.9058427308546766,0,0.08981867651150437,0.9299545148597754,1,0,0
23,16.61629241909455,9,0.9823372588700655,0.32845696988813894,4,1,1
4,0.7393170201697825,2,0.06359821640959741,0.9091407417675428,2,0,0
23,1.8500279627721576,1,0.0420072292659953,0.910341878325242,2,0,0
6,17.67456280460152,10,0.8861456460915558,0.27477657400140415,3,0,1
0,0.9444621806839851,1,0.06536776627649703,0.9245067560997219,3,1,0
11,1.6062518721646226,1,0.29373148140454636,0.9103509584770779,1,0,0
22,17.631602937252673,4,0.9743304533611291,0.06966267695815853,3,1,1
4,1.8094187538146125,2,0.12568433705624263,0.7205376158000734,3,0,0
3,1.1028963704138632,1,0.2670291105551425,0.8063274846379165,1,0,0
8,1.286767084355382,1,0.01008408005498479,0.774202094745725,3,0,0
10,0.6759622834435917,0,0.21418578975197694,0.9000542173916974,3,0,0
15,1.4171813531519717,2,0.04867002173474381,0.8771913501983913,3,0,0
10,9.194544777398093,3,0.8136558784542789,0.08794478254759075,3,1,1
10,0.5095788075752503,2,0.032779263092886424,0.8051561602858486,3,0,0
20,0.819657056037625,1,0.27876841608955616,0.9083922876681183,1,0,0
1,0.7575189287724553,0,0.11535339829344377,0.8830022251238456,1,0,0
2,15.436924504111182,8,0.7673383229975033,0.20513414497405683,5,1,1
0,16.081152644238955,4,0.9808575668305406,0.1998193340818685,4,1,1
15,0.5271652757312608,2,0.003782255992727712,0.8983042762741961,1,0,0
11,1.0189024888204443,0,0.11372821460158085,0.9763922536638927,1,0,0
18,1.2098148600373357,1,0.06780869934479991,0.9444819185621618,2,1,0
15,0.5406439887552252,2,0.09142532861583999,0.8002149897006308,2,0,0
12,1.9956867502365667,2,0.02329480040148152,0.7812828094949096,2,1,0
9,1.9052446089871369,2,0.034151518042980424,0.8768361968454091,1,0,0
9,9.220259327807625,8,0.9186579476060552,0.10203737313295176,5,0,1
8,1.5424728291898138,2,0.08285086734626984,0.999288489220647,1,0,0
0,0.7101697636496789,1,0.15523390552651237,0.8810911601678125,3,0,0
2,1.0027958624688513,2,0.04259159692829817,0.9186943184967449,3,0,0
8,1.8064536856191284,2,0.23454715900348067,0.7634907695709583,1,0,0
18,0.9514453504202244,0,0.0836279617243659,0.9255240977187521,1,0,0
21,1.4313732766512157,1,0.2030463896572187,0.8861421355155912,1,0,0
0,1.9416054762041828,2,0.09159320300901938,0.8312983984444611,1,0,0
0,1.8714482098407486,0,0.28515931577586107,0.8793004848108109,2,0,0
2,0.5164937429877208,1,0.14174800650195407,0.7607897902406029,2,0,0
5,1.8626758420004426,0,0.29013798457775114,0.9450338399516908,1,0,0
6,16.27656181524467,9,0.7984170904066332,0.2909809565144482,4,1,0
15,19.050868337802353,7,0.6316852600033483,0.2277191736539181,5,1,0
13,0.6808503286659182,2,0.1956874945775819,0.8965521143573014,2,0,0
8,0.8891351501469387,2,0.15643370671307683,0.9113663284082336,3,0,0
11,0.8581657186524535,0,0.09336524851901808,0.9576450313504463,1,0,0
5,1.6373947938935338,1,0.04285508619025158,0.9276145963491762,3,0,0
11,17.709041149440857,6,0.7728924238018033,0.028316574404469774,3,1,0
13,8.470364633891135,9,0.7291958732707473,0.2862943705643181,3,1,1
4,6.713557078870938,8,0.6741635401496217,0.23707842665715112,5,1,1
7,1.944488005788492,0,0.14305304049534512,0.7015940427005037,3,0,0
17,7.618847768707796,6,0.7888905703024818,0.08813095737503303,4,1,1
3,10.00491335950539,8,0.7316922461365578,0.3264369411657046,3,0,1
18,1.5249430649097577,2,0.18408123427123751,0.7469430148010802,3,0,0
9,7.893058530344215,9,0.9282367157296593,0.1007227064203526,4,0,1
6,1.8161912939455704,0,0.1741402802981088,0.8011619726697256,3,0,0
15,17.910017326833277,9,0.7113070643275079,0.37911842640578286,3,1,0
8,1.220879865989972,1,0.2609907478943055,0.9464165088702083,3,0,0
4,1.8510527960168877,1,0.13922854783605115,0.9648744449556166,3,0,0
12,1.390388680331073,0,0.14489066162560657,0.9379428621990218,3,0,0
2,1.4100725695742837,0,0.24571905415849682,0.77959784126664,2,0,0
23,1.3729571028715981,1,0.08142281413401431,0.9476246992371844,3,0,0
18,1.9075106852315566,0,0.12352966247535255,0.7116789889977002,3,0,0
1,1.2011022668748046,2,0.22686408418505305,0.7250663012532069,3,0,0
11,1.5013366077815409,2,0.18104629997893643,0.9873369402964611,3,0,0
10,1.953653945211217,0,0.16242228220427554,0.8848901457777172,2,0,0
22,1.7218620803470732,0,0.049411906029688764,0.7847488197918556,1,0,0
6,0.8311544191831406,0,0.24247056300276665,0.9723515541650603,3,0,0
15,5.6140091656151805,3,0.9268764202906564,0.16315837494861873,4,1,1
3,15.676669174864243,5,0.7571637342419573,0.23401406748746478,3,1,0
18,6.390722162154049,4,0.7569068166094188,0.32949855518032023,3,0,1
10,6.699494065974015,8,0.8056327683064741,0.009993632912739782,4,1,0
0,1.7008800486636244,0,0.21115712749029936,0.9972037471197297,3,0,0
6,0.9256638586980868,1,0.04060622468330566,0.7778625349528271,1,0,0
12,1.4828629709585326,1,0.2640944286446781,0.8523415191876337,3,0,0
3,0.728808564371392,0,0.05622358322927466,0.9856665357092784,1,0,0
0,1.3119445029516057,1,0.08941566259183294,0.802571583431647,3,0,0
16,0.6141962892354502,0,0.2728363832811726,0.9170330987064736,1,0,0
22,1.222283527268825,0,0.07257950409465887,0.7116937961983391,3,0,0
21,0.9460235110588262,2,0.16019024176432914,0.9474229712041022,2,0,0
3,1.3894099022625548,0,0.2899252157599222,0.7346183926536751,3,0,0
20,9.739957116878411,10,0.6533307265370301,0.029984017388005227,3,1,1
1,1.8151484551426242,2,0.2379784051314763,0.8567530543256765,1,0,0
0,1.8716179188874396,0,0.18323402132273048,0.8350762738428671,2,1,0
14,1.810134857122491,0,0.002977146338350689,0.9642919016918972,3,0,0
11,0.7494250531341191,1,0.002299209794767598,0.9017381494075086,3,1,0
13,1.6845477607137187,2,0.18232563667581678,0.7538068030867723,3,1,0
11,12.983343122842909,10,0.7790207420424248,0.034107336644670964,5,1,1
5,1.5800548048191114,1,0.04563128496668186,0.8989141575410267,3,0,0
7,1.3848765302819497,2,0.22829722800842814,0.737665064428796,1,0,0
13,1.2472935746797085,0,0.04098027109535178,0.8365515975200969,2,0,0
21,0.9854153287243119,0,0.19756215470101646,0.9667383771820031,1,0,0
16,11.063624631605588,10,0.9556048760443838,0.3891174806625776,4,1,1
9,0.8897053715962397,1,0.01873727808572143,0.9168213256716413,2,0,0
20,1.5597135897303518,1,0.28981425153860313,0.7686626387450497,2,0,0
4,1.637357713556137,0,0.1321324050937272,0.9106438288545489,3,0,0
23,0.63179974871725,0,0.2729829431563176,0.7116814050062996,2,0,0
14,1.6415359864144983,1,0.26659772407961957,0.8297038679210041,3,0,0
0,1.3561674570033677,1,0.28698438632503737,0.7219244686081044,3,0,0
12,10.815427322585101,6,0.620992684039891,0.39356254555886544,4,0,1
12,0.5498046631870499,2,0.28922352494703246,0.885857860010891,3,0,0
18,1.5248881454893939,1,0.28920865414965413,0.7029936329975348,2,0,0
21,0.9456825734347625,1,0.2795261158298449,0.7776134926466323,1,0,0
16,1.1266501732510006,0,0.1021812499743875,0.8660113569249315,2,0,0
13,1.2551259062822853,1,0.1551807169324828,0.9343965567241915,2,0,0
14,1.0185009249857948,0,0.17399513622843937,0.9242333219790082,3,0,0
6,0.8865243327668205,0,0.017427585624104933,0.8607805236556354,3,0,0
3,17.54796336141355,5,0.7050883774245211,0.2513627830563959,5,0,1
16,0.9675831016933223,0,0.23937424788476822,0.8275684556313081,3,0,0
2,1.415930063662449,1,0.13917974600650085,0.7355507870794454,2,1,0
21,0.6920687584366587,1,0.027897191946939646,0.7908747186499577,3,0,0
23,7.052677498795353,10,0.6230964317868144,0.3432827163908119,5,1,1
21,1.379344748025196,1,0.2645783274913932,0.9262744779046242,1,1,0
19,1.812052509026299,0,0.18032225004006988,0.8061367476209308,3,0,0
12,1.994500874085113,1,0.19344978120669412,0.705743460399051,1,0,0
10,1.3647747132713803,0,0.22307817485296794,0.9840201186770187,1,0,0
3,1.3930775259800656,2,0.2613613446789156,0.7155006164973883,3,0,0
20,1.3952642733753338,0,0.08241945765585586,0.9216169452179699,1,0,0
3,1.0527895155856417,1,0.09644871037436459,0.7793905080776071,1,0,0
19,0.7630569179351744,1,0.058829313821517876,0.7759304617538826,1,0,0
20,1.5202111576404507,0,0.08573506665776105,0.7200920836075814,2,0,0
23,1.4412581948275551,1,0.046337924166997134,0.982336243760102,2,0,0
13,1.2217101527822263,1,0.03422873546638001,0.9979765046268891,1,0,0
17,1.226784477786532,0,0.03550085727701619,0.744190913283691,3,0,0
16,0.8450132559315546,1,0.21875204626483438,0.8229013160127978,1,0,0
2,0.9104399994224988,0,0.14628834290016327,0.9149191335874297,2,0,0
2,0.7805656228362851,0,0.21924628949421893,0.918658432680984,1,0,0
13,9.470102857906332,3,0.6029567605777172,0.2775452647502929,3,1,0
11,0.6341165034683893,0,0.009286737275803059,0.915621885356059,3,0,0
1,16.220241150491034,7,0.9561763792004343,0.3598972313635487,5,1,1
9,10.187882869629039,6,0.723867548160517,0.08114129549114608,4,1,1
3,1.0533704593546587,0,0.2519406856906852,0.889276537068749,2,0,0
5,11.274366666402289,9,0.8543643062838953,0.1587157301658337,5,1,0
7,1.9242809354864632,2,0.2989003012881742,0.8044286779504863,3,0,0
3,1.9475403659997688,1,0.25499261144419855,0.730541104884861,1,0,0
18,0.9178855085479379,0,0.1494767046790361,0.9888305050759618,1,0,0
0,1.6981748536604981,0,0.1123658661060364,0.7923387495042237,3,0,0
21,0.911082831030809,1,0.15187981784856083,0.7317717413211272,2,0,0
23,1.8597081664468205,2,0.14934375241028705,0.9822353561509324,1,0,0
18,1.963797883728697,2,0.26404702137644553,0.7468619706059866,3,0,0
11,1.5833788525895995,1,0.19628776569748854,0.7672880449855135,2,0,0
15,1.1579231287843856,2,0.12128692417646073,0.8270005432459593,3,0,0
19,0.6226385479233079,1,0.02658012890388517,0.8164497118380987,1,1,0
0,16.249305227036118,6,0.622282734446098,0.2288687847135079,5,1,0
18,0.5195028852661041,0,0.17796647103221527,0.7828957325397561,2,0,0
15,1.7222376706197684,2,0.2870399446452858,0.9413242179032419,2,0,0
17,1.4272336014771787,1,0.08111798591535765,0.8963026016478159,2,0,0
9,1.276567465077067,1,0.13014522587295885,0.928690787350288,3,1,0
17,0.5548245017721423,0,0.16813218929413198,0.8189661045969889,2,0,0
3,0.9655429383853606,1,0.04014850889990794,0.8730107196573269,3,0,0
17,0.6869940218049002,1,0.2484747757311655,0.9798774587709016,1,0,0
17,1.025940396813771,0,0.11319541618895784,0.9511358883491956,2,0,0
22,1.8865942930647956,0,0.0426411371380373,0.7877149331236579,1,0,0
20,0.7708630176910003,2,0.2621095780399035,0.8282804001110011,1,0,0
11,10.731993632389816,7,0.9110869956290203,0.0132047743601309,3,0,1
13,12.735148266156097,10,0.6188233517840075,0.0008306070400324828,5,1,1
22,15.816985360352355,5,0.9750559119831608,0.3642659981535554,3,1,1
4,0.8369072344099729,2,0.03787942246935082,0.8686218383207713,1,0,0
4,0.8727337097216986,0,0.11879114179873645,0.7112713271196722,2,0,0
1,0.5997444010501662,0,0.16362956082207164,0.7525665316317481,3,0,0
16,0.6372302560966323,2,0.10418311170915226,0.73516117170407,3,0,0
22,1.0953849143023942,1,0.20610577995097282,0.8873842144343594,1,0,0
1,0.8680236645219814,0,0.10165819480162548,0.8300748377897843,2,0,0
7,1.1828302236227017,1,0.18886730906752097,0.7201767741902103,3,1,0
15,1.5871501572931421,2,0.20188998671832972,0.7211475836929434,2,0,0
0,9.88736876029173,6,0.7161020421490117,0.28578387355431273,4,1,1
12,0.8426821119969481,2,0.094688203129005,0.750918528573077,3,0,0
7,0.8689365925767623,2,0.07486385995485183,0.9880406813216341,1,0,0
2,0.6304801398671152,2,0.17081320835468483,0.7054372123137189,2,0,0
3,1.40077529065048,2,0.09940410213091523,0.7046184675073925,1,0,0
19,0.7045572133801546,0,0.23513753534561915,0.9318764445628345,1,0,0
16,15.277617699166708,9,0.6555875967546498,0.37506458424663686,3,1,1
19,19.163132575191614,7,0.7777582473804322,0.13732038767829638,4,1,1
16,1.793191425898176,0,0.12053364019629727,0.9687024332856335,2,1,0
13,0.9831187483747674,0,0.26181907514538055,0.8336624916225672,3,0,0
16,1.6436880286110358,2,0.20876973545064073,0.8249697485446876,3,0,0
18,1.2109424603943086,1,0.16819802832485128,0.7173533348341481,2,0,0
16,0.7993136763937176,0,0.05976458246821593,0.9098918708866365,2,1,0
0,0.9308584874811225,0,0.109378118459262,0.9576292838048417,2,0,0
14,0.8696030498586602,0,0.2865181534454967,0.8820195174152309,2,1,0
12,1.8878724761234986,1,0.18377204050344575,0.9116382490850459,1,0,0
23,1.3124513219913003,2,0.1821268736156262,0.8945514460356064,1,0,0
8,1.3802616770313187,2,0.21885246859571902,0.9984457881897852,1,0,0
2,0.811829382719041,0,0.055599053858614335,0.9941106222826555,2,0,0
23,7.693996721601438,4,0.8055466102853086,0.2156764318054532,3,1,0
22,1.3262860559137089,0,0.18702178744783202,0.8257814983498066,3,0,0
5,1.7261653426076613,0,0.29863125485739295,0.8210803007084774,3,1,0
7,1.5203423636469369,1,0.2670645007908523,0.9514464924965927,1,0,0
18,1.3644325402502198,2,0.2574531159471492,0.7127266894620675,1,0,0
3,1.7935455631201178,1,0.26299522854846014,0.8553881583137737,1,0,0
16,1.5739583432710962,1,0.2888431071222078,0.805887551035707,2,0,0
9,0.6933048012101678,0,0.2942218030750288,0.81264067853995,3,0,0
12,1.8108351163437728,1,0.08304429233739173,0.9040335656340918,1,0,0
2,1.2475516591092197,0,0.020892344448721723,0.7489106010794773,2,1,0
11,1.6929009677898352,2,0.015586973266280522,0.8309842569306298,1,0,0
20,15.565029739357707,8,0.7888993995780634,0.1754596073743938,5,1,1
12,17.579133313009436,6,0.6731458107019489,0.3801228054944725,4,1,1
6,1.1688540595651224,0,0.026581414190903718,0.8421763660348308,1,0,0
2,6.622325218600351,5,0.765763359087398,0.2888864394694585,5,1,0
9,1.423794782273457,1,0.27499057075236216,0.7929420625967407,3,0,0
19,8.135555560788834,5,0.9486343531449626,0.030964620793900235,4,1,1
23,1.6063734523833373,0,0.1228886684685696,0.7581589203810678,3,0,0
0,17.415127921719076,4,0.9140759537691365,0.22159179488803227,5,0,1
18,1.136196006953579,2,0.1622381264956633,0.8804661637899472,3,0,0
8,1.1126798196060481,2,0.18619814394737522,0.9378274340718438,1,0,0
7,10.783303466019706,7,0.6946861223379479,0.3877963597624713,4,1,1
22,1.714274112087317,2,0.29815451666990944,0.761294915019691,3,0,0
21,0.5487892692368779,2,0.17575943653605575,0.7101029211623392,2,0,0
21,0.675347061062546,0,0.1970340314172882,0.8228236215451055,1,0,0
21,1.590753604649462,1,0.08027780301839145,0.7461073128532614,2,0,0
20,0.9034901066526465,0,0.14900862684538396,0.9534614043265687,3,0,0
11,1.0098124456520992,0,0.12897932321704444,0.7481387842813679,1,0,0
16,1.656382766966078,0,0.1943452337971585,0.9096846485462157,3,0,0
18,0.8504116265748649,0,0.29641078984667757,0.8317631803749151,2,0,0
2,1.6223895355754876,0,0.19276955986055747,0.840996480447381,3,0,0
4,1.5444331638172097,1,0.2077478480007676,0.7478476787624074,1,0,0
11,1.93347724734463,2,0.14666934953773542,0.8175578119564078,1,0,0
1,15.611394127428985,7,0.8851529477378945,0.04128665955159985,4,1,1
20,1.0091752888142091,1,0.10801513977029349,0.8948526789122342,2,0,0
7,1.8812628239260585,0,0.10056241421126182,0.9482518959619664,2,1,0
11,1.2389271409893043,1,0.12378655225458712,0.7070784893936587,3,0,0
6,0.5380795334905173,1,0.2414720330524316,0.7862898187131034,2,0,0
4,1.5461304008702599,1,0.019933153306732464,0.7192019039825862,2,0,0
21,0.7718495992484902,0,0.19529204014528626,0.7108056454874279,2,0,0
15,1.0435908486749497,2,0.06815386710705447,0.8153065115572404,2,0,0
13,16.151527609342914,3,0.7968368041400392,0.0757773732669611,4,1,1
8,1.441562079607127,0,0.1141260022522687,0.9507477783731548,3,0,0
17,0.7053284451032109,2,0.01369462365071512,0.8762757613328205,3,0,0
22,7.075523013322851,10,0.7800945146690469,0.3638974746850736,3,0,0
21,0.546774702591927,1,0.2622667574055527,0.7726066239942632,1,0,0
18,1.9086015477693443,1,0.20652150554764107,0.9367878544959056,1,0,0
13,1.132136825888747,2,0.010401080017944996,0.9912029636229233,2,0,0
0,1.3330453264064468,0,0.19549192814318297,0.9003281774809458,2,0,0
20,1.9191731932004492,1,0.08401119886514682,0.9718261181443781,1,0,0
5,1.1485022015639028,1,0.15018728042112534,0.8978532305922311,2,0,0
2,1.1381546579246251,2,0.07695901873327433,0.8286106062959301,3,1,0
5,1.1295909753891835,1,0.21212594318000944,0.7815838118255346,3,0,0
5,15.92018386694296,6,0.899479391375662,0.35976500886693014,4,1,1
11,1.0341450888467694,1,0.020687404906926353,0.8867029793851738,3,0,0
9,1.2885352734540287,2,0.0312674408425043,0.9119889609636129,1,0,0
14,1.6837568579110074,2,0.024180454127137395,0.7725931390951136,1,0,0
6,0.5509189678786983,0,0.2707359921857525,0.980884186440678,2,0,0
1,1.7835447021594286,2,0.08917134231258515,0.9014437446001621,3,0,0
1,0.7248761410231607,0,0.055267451771407836,0.9188034382263989,3,0,0
4,1.7668240978026055,2,0.17315996602036524,0.7168528232042317,3,0,0
22,0.7563313810850987,0,0.1991369058526767,0.8071088031910036,3,0,0
16,1.3099780695737833,0,0.13449571661082665,0.9126296965687463,3,0,0
23,1.9700488629282156,1,0.1174577094533488,0.9541182480951698,1,0,0
7,1.6963386509557823,2,0.08528222787825501,0.7747026208327269,3,0,0
17,1.2675161631734992,2,0.007859012559619438,0.9038860998205324,1,0,0
2,0.7410220598893336,2,0.0815849178385893,0.8564378916164416,2,0,0
22,1.17865927419904,2,0.2028532686226302,0.9841272001325557,1,1,0
12,6.861610515706661,7,0.9176729381268734,0.26677416702288687,4,1,1
9,1.8759703631933642,1,0.20597697404778204,0.8632761898341093,1,0,0
10,0.8558401876039917,0,0.07851170512077178,0.937778534886515,3,0,0
